size,rooms,age,distance,income_area,price
176.45386,6.0,19.701523,26.548088,99.66561,145791.27
183.0008,1.0,9.826693,26.24531,58.428226,136404.5
76.572754,1.0,36.332123,20.116777,22.657215,-104906.34
191.86113,5.0,14.586112,1.3364893,55.675827,655953.5
78.089645,1.0,23.706696,16.931055,0.11727214,-99886.766
120.17907,3.0,7.422882,9.725124,50.441055,340322.4
51.3145,6.0,22.478506,10.783355,88.38267,187889.75
158.72827,5.0,28.552145,26.492886,55.767113,45591.508
188.1543,4.0,23.98268,9.902364,61.913006,544699.8
26.637184,2.0,15.658808,4.257438,2.9015481,46250.754
186.91962,3.0,32.42709,2.958929,40.595562,540265.7
118.71593,3.0,18.52256,24.470757,79.50419,23001.652
173.88089,4.0,11.140028,15.723789,13.339859,249164.6
113.54306,3.0,6.564185,29.814974,26.609564,-283439.88
148.21881,5.0,19.704262,18.06755,83.790276,300857.34
85.8809,2.0,1.3830394,1.0212189,64.35893,352878.88
177.08858,4.0,45.7505,18.711115,73.37367,270102.44
114.78089,5.0,13.056806,28.72566,3.3741474,-244245.1
53.31601,2.0,14.6395445,24.303444,81.822464,-178832.33
125.48983,1.0,27.310976,19.501345,39.09437,70216.53
53.92634,3.0,31.480831,3.7304397,60.508293,174019.39
88.27271,5.0,22.64269,6.005482,90.41506,347106.28
59.384167,6.0,42.150574,25.185215,3.9220035,-323323.38
166.3371,6.0,10.426259,4.9701314,64.305595,606649.25
21.062983,4.0,33.95952,18.422,4.798847,-289511.62
53.898968,4.0,24.943617,13.078155,87.01693,127824.5
71.76253,2.0,4.6632233,20.026209,64.68158,-34970.2
39.872753,1.0,15.317628,15.981482,55.563473,-61544.9
109.43831,1.0,31.362179,3.5749447,29.969423,352732.38
1.2320876,5.0,29.776045,9.020881,68.85176,51299.152
190.31091,1.0,43.178387,28.082869,24.04728,-29021.113
15.053177,2.0,41.724823,16.765736,59.55788,-172479.55
177.20274,5.0,11.36443,22.605825,91.989174,259233.16
116.641914,4.0,14.324263,7.4324584,12.469893,298303.88
67.52955,1.0,19.698965,26.874609,35.733784,-310342.88
161.795,2.0,7.0894866,11.7890415,61.6784,461778.66
115.585075,2.0,18.250254,9.944043,58.67892,302750.9
180.79634,1.0,4.542178,18.042818,50.68759,380927.38
110.93197,3.0,34.508553,9.6253,93.016,346864.78
68.462685,5.0,42.688984,8.972258,37.00682,152803.1
126.86837,3.0,26.97941,12.853571,62.897606,317345.44
72.88206,4.0,7.1029844,14.143644,76.49817,176078.31
142.08575,3.0,6.0673,6.468694,40.305412,431693.4
189.28221,1.0,15.267521,20.127203,82.67164,341940.3
157.80595,6.0,32.271336,0.46226442,82.65499,598216.06
56.282745,3.0,25.6098,24.207949,72.264984,-186538.53
157.72647,1.0,29.54555,28.911955,37.801605,-114057.32
117.892624,3.0,48.56203,17.426743,93.43048,156808.38
150.78351,3.0,36.61105,11.495125,21.108883,261929.05
39.049496,1.0,30.375565,1.2614876,65.453285,186365.48
1.0091543,2.0,19.941954,22.044037,60.039513,-314776.22
61.36395,5.0,36.82622,27.290705,85.29137,-251116.55
23.297714,5.0,34.146015,27.823883,9.016752,-499763.4
182.0539,3.0,2.4974437,16.337551,58.716797,367343.38
128.80313,3.0,10.232276,19.986923,21.205479,63128.293
141.42136,5.0,25.839144,29.373142,76.50159,-77995.91
131.62611,4.0,34.486057,17.23889,67.16967,238032.1
98.26041,5.0,37.16257,7.7584558,11.105752,190396.95
178.26083,6.0,10.118034,0.7585752,46.86967,630140.0
28.94864,4.0,0.19714236,21.558165,63.986717,-114910.53
106.29637,1.0,23.69771,20.843151,71.299515,100461.31
31.745983,1.0,22.142067,28.330265,94.48187,-356529.22
130.8352,3.0,32.254498,7.36342,72.45459,405817.2
65.56177,3.0,18.12484,21.442846,59.535503,-91386.73
130.64163,6.0,44.11307,10.037186,76.67171,354838.2
79.165855,3.0,26.668104,11.271975,2.6877522,49411.945
182.93918,1.0,43.256172,23.752298,83.3364,162810.44
40.72981,3.0,7.5921416,1.2498307,44.12129,206345.27
40.3602,1.0,35.0009,26.057058,78.29818,-271893.44
40.3566,5.0,27.978903,21.976477,64.31815,-135358.73
189.94427,5.0,12.496292,6.08521,47.363235,594973.4
133.32512,6.0,37.393696,22.654432,85.19552,102424.664
196.22507,2.0,0.39951503,11.2270155,20.852137,452185.0
17.472374,3.0,45.211678,16.349957,64.100075,-149667.75
0.81238747,3.0,27.014702,10.985123,71.91878,-15792.242
21.763622,1.0,27.413815,0.31330168,32.20589,99887.46
32.73109,4.0,36.561142,13.446481,68.11334,-10410.076
140.50401,1.0,27.075308,22.318794,0.54243803,-47219.94
135.80759,4.0,35.71629,13.254797,24.746567,187959.67
183.09244,1.0,40.905354,7.6138077,74.31026,557520.0
48.357464,3.0,5.4885387,15.475284,75.77099,61215.87
31.828821,3.0,41.53901,17.737309,4.1051207,-229957.72
153.05782,1.0,21.25653,10.814765,67.303406,433405.66
59.57955,4.0,19.186274,3.3677387,54.701424,281014.7
160.69238,4.0,30.03204,6.9578524,98.807236,570341.94
76.269936,3.0,44.55379,12.554504,1.2307584,-5941.672
157.20459,3.0,11.409619,20.402142,38.083244,147177.3
22.3032,6.0,8.151722,28.339104,21.683098,-395253.8
49.535023,4.0,40.515182,15.278383,19.576078,-106865.25
130.48764,4.0,13.258303,20.370632,41.833656,104582.53
121.140755,2.0,33.04875,23.630568,4.0462074,-156740.0
74.50413,3.0,21.316847,8.459224,89.172615,299943.28
159.60695,6.0,31.881323,10.022746,32.30996,364979.3
167.98093,3.0,44.077877,24.949589,67.51961,36538.555
27.482664,2.0,12.330026,25.739822,20.57851,-390563.53
46.613182,2.0,12.86841,18.554382,50.269604,-88967.03
191.5662,4.0,37.26552,3.4082632,14.578342,511567.2
66.25675,2.0,26.368813,23.513796,90.24411,-113599.336
64.54836,2.0,22.248545,2.6025743,92.16884,301722.25
3.2405376,1.0,3.0402958,22.497335,89.36451,-242423.1
42.73298,3.0,46.181458,16.777714,32.496292,-150839.52
124.98037,2.0,24.053228,19.84522,81.119354,114530.66
86.80068,4.0,20.395315,0.37878156,8.224869,245967.17
27.411402,3.0,14.737752,9.726371,72.942024,135989.23
102.34567,2.0,20.066544,21.37045,43.82832,-39852.18
31.691849,6.0,37.150856,26.545294,8.566308,-440620.25
15.160334,5.0,24.425417,10.705642,9.872442,-76799.234
44.933735,4.0,46.380215,28.376245,3.2105744,-517419.6
12.478792,6.0,23.556631,11.652617,59.369556,38090.164
36.326195,5.0,21.413555,5.9528036,31.915617,127173.47
199.96089,5.0,39.11129,8.504348,26.971823,478003.6
118.8875,5.0,24.353111,15.933405,97.60023,250165.22
130.81596,2.0,20.010176,12.334001,34.766205,222376.03
6.73157,1.0,33.355667,22.26006,66.86487,-289406.38
34.32262,3.0,44.715775,6.6986723,41.197865,99523.98
66.71442,5.0,31.238737,10.732942,80.15395,189434.05
115.637115,1.0,42.407955,0.13480425,64.920784,434065.5
12.007868,3.0,41.20096,27.243649,81.66298,-381518.2
56.912697,5.0,32.069946,12.177556,63.055927,115234.44
40.13314,6.0,33.692215,3.1753187,39.041584,194663.5
100.27712,4.0,33.067104,14.276188,94.1915,257475.38
62.78968,3.0,27.593168,14.97262,46.43544,25435.268
93.07043,1.0,46.26841,19.165922,20.06783,-81850.3
32.23703,3.0,48.078514,13.353585,65.55961,-9851.747
31.360483,2.0,33.899715,24.435947,43.932693,-363500.44
41.65982,2.0,23.751535,9.824644,12.918436,43016.688
65.770256,4.0,47.414852,10.510342,56.540733,114007.266
21.07191,6.0,5.5419865,11.437953,38.38254,31215.555
183.84698,4.0,43.3696,17.67795,30.088419,223526.98
80.153595,4.0,38.24564,27.018305,26.136696,-284309.5
186.03967,4.0,41.053402,14.309798,28.721989,335234.28
131.1582,4.0,23.07911,26.541435,29.751873,-118643.734
15.320301,2.0,6.347552,26.783195,54.91294,-390205.44
169.20352,3.0,42.833473,7.1902514,98.303406,541796.3
72.48552,1.0,14.068609,13.711197,20.693243,91315.01
61.667397,3.0,31.577814,7.919115,26.674007,95882.516
16.99295,1.0,39.163628,21.23961,16.482656,-373169.94
0.5839348,2.0,1.6368598,9.726464,48.10272,-17589.799
128.61107,6.0,26.659098,19.575748,53.505695,116726.016
78.15561,1.0,16.11934,15.896169,15.680331,-1837.3158
138.93231,2.0,42.74388,5.153019,72.83848,411659.7
17.933655,5.0,9.082463,4.915588,5.1566305,75820.53
174.24292,6.0,40.179245,0.34912705,96.27812,649104.8
26.594627,5.0,40.58925,6.6092777,59.409416,96992.17
82.732666,2.0,38.792873,19.190315,44.96073,-71102.96
120.88697,6.0,49.00031,15.913888,32.096714,111641.0
151.62518,3.0,28.786278,26.28153,72.45,-48924.996
180.73103,4.0,2.3404717,1.8102837,86.511696,719335.5
191.09592,1.0,42.846622,14.561673,17.295582,291260.25
20.707787,3.0,27.28867,1.5502524,37.467117,93784.836
125.166725,1.0,25.496124,15.087805,86.80779,311534.78
56.987404,5.0,1.1852682,20.46505,40.629654,-78434.24
89.04152,4.0,19.381094,1.5443498,13.182985,265971.75
25.15099,4.0,12.865806,28.247288,33.93171,-441619.84
191.08586,2.0,49.485275,10.341135,51.72715,438748.12
26.60495,5.0,42.80072,28.290543,40.66567,-462778.84
153.44513,4.0,43.649708,12.482234,15.735203,215754.5
135.14397,1.0,42.120914,23.509724,18.675392,-78215.06
132.49559,6.0,9.503153,28.636148,63.519436,-113689.625
45.93538,4.0,14.26326,9.5388975,84.30701,208311.58
190.89516,6.0,15.216244,11.3537,95.48605,616008.44
121.97504,5.0,14.977943,22.867943,44.348534,14496.314
112.864006,2.0,44.460804,2.1580358,69.23766,408175.88
11.874521,6.0,33.49417,23.87892,10.288948,-370051.7
141.97885,5.0,45.03385,5.578301,76.64336,438766.56
84.99794,6.0,23.830526,28.93145,97.77757,-121596.69
54.187572,1.0,2.7143211,5.16952,76.037254,277736.9
185.89465,6.0,17.74692,8.827329,30.230968,491883.28
122.294876,1.0,42.569866,26.192781,90.76595,-52037.117
44.67236,5.0,40.22014,8.469198,2.6461184,33803.4
49.38611,4.0,32.73929,27.85727,44.000168,-377399.28
95.22443,1.0,17.666807,25.320293,37.61121,-166307.55
155.83614,5.0,1.6657233,28.710173,0.12667775,-112881.47
74.44662,5.0,11.566833,0.46076953,21.47621,315785.84
42.942513,1.0,38.03451,15.168118,13.570708,-139013.58
65.755714,3.0,14.916057,10.066297,63.438545,179018.6
25.292515,3.0,36.958466,18.573055,45.84098,-226015.06
135.66325,2.0,31.826029,3.674233,72.96368,471290.06
177.40402,3.0,15.397817,21.15081,38.752277,196557.84
5.8559656,3.0,40.226955,14.289393,91.243996,-47367.24
123.22507,6.0,16.966686,7.90967,55.663406,377112.75
151.65918,2.0,24.169434,1.5059459,91.44709,570269.7
118.132935,6.0,15.477175,22.846024,90.60241,75176.97
64.387535,6.0,1.2857109,9.571422,7.5974107,136266.81
152.19421,2.0,29.030954,26.068144,16.421455,-86139.92
152.55132,4.0,32.22423,17.670216,80.11634,290448.0
137.39273,2.0,12.412966,19.562105,97.238594,263307.6
82.42786,5.0,40.33617,12.725035,7.3242607,42356.973
73.519875,3.0,2.5736122,12.922141,50.731796,140117.95
110.69809,4.0,0.90058446,9.904355,30.776947,259530.02
82.33459,1.0,9.558776,2.011487,97.07314,430152.28
70.1999,1.0,16.359879,24.430445,91.53619,-102665.42
163.92068,1.0,22.223547,5.5538855,86.39013,598622.1
185.93996,2.0,20.168804,23.742563,76.90718,198398.0
90.100266,2.0,36.409714,9.940762,45.309948,187217.31
77.61031,3.0,3.0593662,24.397036,96.136894,-70517.21
101.45923,2.0,28.681189,27.855333,26.602495,-297187.34
94.029175,5.0,25.432941,5.825908,52.471207,357242.53
124.04113,5.0,31.603256,27.385883,36.844147,-163950.83
128.02336,1.0,49.852,15.365587,13.524712,81664.82
9.174323,3.0,40.38621,3.5410345,26.30567,42566.156
63.096226,2.0,11.157385,21.123177,62.122993,-114866.23
184.21295,2.0,4.513687,23.49359,45.538944,157783.86
138.9555,6.0,18.947475,28.222675,16.877466,-153867.84
95.026245,5.0,12.459326,0.72119594,43.643433,356166.47
39.709427,6.0,33.732628,28.544436,58.6353,-355061.75
38.819492,3.0,25.229174,26.371609,15.017432,-393872.1
10.423315,2.0,45.10809,29.756424,80.19679,-471977.62
67.403755,3.0,34.820156,23.175093,7.4906054,-263938.22
133.77042,3.0,20.403242,7.708304,50.47837,373441.9
163.76216,3.0,25.85925,26.379175,9.098852,-51492.324
146.16974,2.0,30.98715,28.708754,4.9122753,-238148.27
11.605597,2.0,21.89782,9.264452,43.78892,41331.39
39.863754,2.0,45.173367,12.548095,95.37875,65113.695
84.21834,6.0,5.4524927,26.737984,97.267166,-30040.367
196.73495,3.0,37.185146,27.074738,67.97043,105835.33
114.46575,4.0,9.063903,24.908798,88.754944,23934.877
74.10293,2.0,3.0979633,26.491983,22.667562,-253086.05
141.37152,5.0,19.867584,7.2915244,78.14964,496026.62
61.911846,5.0,37.182625,12.412274,80.50826,175211.45
35.274433,5.0,42.664047,9.007367,2.215004,-60307.316
172.98872,6.0,31.273561,22.796072,11.6834345,66861.03
54.529823,5.0,22.839275,18.738186,71.601105,-9875.684
79.95332,5.0,23.598516,3.413204,54.6203,359221.3
0.5195737,5.0,14.865467,13.115825,16.156,-105674.734
166.92706,6.0,22.756565,2.7681737,10.543865,480392.78
175.76346,3.0,23.272652,0.88324785,86.13646,646230.3
136.44482,6.0,46.274067,28.674417,55.462067,-152225.22
30.27258,6.0,39.631104,7.454685,49.889343,110110.95
1.3060093,1.0,4.9944015,21.694946,1.6642511,-382104.3
18.782103,5.0,25.103416,11.6598215,93.86965,108855.95
174.57002,6.0,9.623253,11.962511,16.947006,370853.6
148.01057,3.0,21.031479,14.990312,72.27937,326879.2
184.15045,1.0,5.1307974,26.698914,43.987827,127806.61
152.387,2.0,31.499027,12.924959,51.629288,339092.1
125.30922,2.0,6.973049,27.411985,74.550514,-72289.16
99.02073,5.0,49.680527,23.776617,36.68054,-198929.9
23.949396,6.0,43.880062,25.29013,35.972702,-378575.75
14.322782,3.0,7.7910275,1.3958949,89.85919,250513.97
6.465137,3.0,1.4634013,7.9860697,11.685991,11832.477
140.9362,1.0,25.975441,2.7791352,72.250435,473581.44
50.903202,2.0,18.021208,11.814171,37.096466,44536.785
79.87474,3.0,32.33917,11.89317,33.29342,108159.72
42.449474,3.0,8.0771475,18.048058,83.470856,14356.42
81.77764,1.0,35.233532,28.43956,58.44125,-288548.4
29.61651,2.0,3.4062653,21.733576,3.4492493,-296222.12
34.658432,6.0,11.805749,4.562135,94.68115,343189.72
133.17108,6.0,11.857456,5.5928493,25.189854,422570.56
70.280365,2.0,37.097282,26.326582,93.22427,-226272.42
161.73431,6.0,24.34547,16.49316,34.30779,250535.03
67.91912,3.0,0.9742856,19.237572,98.75195,67821.03
26.643276,4.0,10.721999,7.1544704,64.750084,146138.78
82.35611,4.0,13.430577,13.170762,47.584606,150640.67
51.52526,6.0,1.8042594,19.270575,69.086655,9561.687
69.40584,5.0,28.201172,5.15662,48.44515,221052.38
4.800439,4.0,33.908447,24.78992,25.200813,-455484.16
155.9491,6.0,20.41306,22.47516,77.35046,200021.19
30.379545,3.0,15.05138,6.252417,82.43099,182277.94
150.26176,4.0,24.848387,8.848786,43.736065,390965.62
145.37842,3.0,5.1429567,11.473485,97.03098,470932.84
171.44327,1.0,9.777462,17.334393,53.175293,276975.34
23.294794,3.0,24.429842,9.497701,23.557276,292.68164
171.91968,1.0,47.209435,29.349318,22.752535,-155385.02
52.72484,5.0,17.312292,0.5518609,83.64146,347680.94
137.10692,2.0,37.391487,6.5220075,29.745626,346527.06
193.91147,1.0,15.16124,5.895322,81.58037,658908.94
85.89681,5.0,18.345055,19.055706,1.4303207,-79283.22
99.226654,4.0,1.2013882,17.128605,51.722355,143328.42
76.976944,3.0,45.712124,10.725658,15.452719,45003.82
16.501545,2.0,49.34319,27.80187,67.73617,-456676.03
147.99028,4.0,24.474918,2.0512033,90.606125,566660.75
0.7282138,4.0,40.884243,20.286753,69.6756,-241356.16
162.07999,3.0,45.44854,6.746226,32.808666,385488.97
174.82251,1.0,37.41794,11.584372,3.0944645,330602.66
194.57063,1.0,37.87548,0.55499375,26.30999,618364.9
76.41205,2.0,1.2002349,3.8023944,20.50916,245773.1
17.835808,1.0,1.508233,2.2732615,97.74587,259728.62
122.483025,1.0,5.8114915,21.54411,23.116844,11752.652
155.24274,3.0,32.81964,9.367402,69.33267,455741.72
0.46912432,2.0,3.375584,22.846512,90.13829,-212130.8
77.301636,4.0,5.9163837,6.870766,68.025894,332561.16
40.05445,1.0,12.882429,11.283531,6.1247168,-40156.887
91.253624,5.0,1.9578665,16.815704,44.32021,115337.28
50.778652,5.0,25.033686,27.568869,35.160095,-358725.4
59.12324,5.0,28.606705,10.957296,82.21561,212640.28
68.25411,4.0,10.369989,23.695827,45.3098,-144977.86
4.969597,4.0,41.369133,19.138079,47.362774,-264063.28
182.05075,4.0,15.508879,24.12304,94.47856,202781.58
183.83313,6.0,17.961824,24.475624,61.8981,175254.81
84.313095,3.0,44.04688,21.08724,73.17773,-28704.967
88.61179,5.0,46.46379,10.47679,33.90454,159782.77
59.188007,1.0,22.131989,10.790003,82.6987,152381.4
9.693718,6.0,7.053047,20.83952,57.189053,-210721.61
2.6855588,1.0,12.458274,23.175638,39.95633,-388537.97
137.16585,6.0,28.183481,14.199398,59.635662,291723.22
45.095383,6.0,39.65481,22.51913,10.642761,-283360.62
35.712303,5.0,37.446117,5.9757133,51.8385,127900.79
92.19768,5.0,13.960439,23.454872,72.93065,-49739.062
66.69888,3.0,1.3658345,13.159277,3.1807065,46662.094
67.64792,6.0,3.1213255,4.677422,23.440998,280716.3
103.21312,1.0,17.046093,7.711739,81.32607,378686.3
78.78876,6.0,25.313604,3.5445266,51.1339,337504.9
65.568756,1.0,13.77061,18.02576,48.296886,-16635.045
52.11941,6.0,5.23237,6.104089,55.102436,291337.7
18.61726,2.0,27.634693,10.704548,27.559017,-83105.91
183.85072,5.0,5.1564813,14.060175,91.34614,484814.78
59.981285,4.0,5.801895,5.8475895,45.042366,232945.34
126.49795,2.0,4.676351,15.385165,31.794506,196589.89
65.303406,5.0,18.225664,13.096312,76.31949,172035.75
108.12613,4.0,47.08145,19.751131,8.3826065,-47536.586
193.23004,1.0,34.772984,25.836113,40.777325,82681.63
146.07227,6.0,22.035774,5.9449625,55.039417,470141.1
13.340033,3.0,30.14528,23.201195,34.48288,-347634.44
139.69028,3.0,34.955227,14.682198,77.21272,295224.84
194.92429,4.0,25.145657,6.4266768,7.300043,457004.28
126.308334,2.0,4.8356414,8.197292,35.58532,387923.03
167.04247,2.0,9.597185,18.81807,28.985107,226795.52
198.58875,4.0,8.016181,18.123201,96.266655,453826.7
84.6771,2.0,24.365192,14.515496,69.95426,165136.86
120.75545,3.0,2.1149576,7.532317,12.701857,290853.3
30.49649,4.0,20.454472,22.564436,69.378235,-224094.2
79.39229,5.0,15.8582,17.225563,48.939644,65516.516
174.05838,1.0,49.534252,0.4180348,95.77131,624080.3
151.26459,4.0,45.320602,12.349099,77.59322,391867.8
36.7211,1.0,39.521343,10.930313,20.798618,-34737.508
19.811499,1.0,26.402056,8.599357,94.56949,106472.67
31.663631,1.0,16.90568,6.679534,41.057228,102912.13
1.312232,1.0,31.37676,2.8310645,38.61453,22578.984
22.836102,2.0,7.726759,29.77356,64.951385,-462986.22
75.270256,1.0,14.3373995,1.298781,99.675545,410700.9
167.48772,6.0,19.977865,28.94366,65.08645,-16043.498
116.73822,2.0,19.126133,3.2084422,1.7568231,308911.4
23.939455,1.0,1.3174444,11.360738,34.038746,-3366.1697
19.777607,4.0,34.938274,8.8550005,96.55933,173870.7
149.74753,2.0,45.58705,6.9712505,32.377357,328933.22
25.615871,2.0,11.210665,20.333033,25.94526,-230061.7
87.687256,1.0,31.739157,23.69392,10.1456585,-227288.48
147.97061,4.0,22.100643,5.1464744,22.399336,424497.8
53.718792,4.0,24.088188,8.013756,22.66274,148150.72
89.09601,4.0,26.45725,22.656404,61.94135,-63996.36
91.295555,3.0,46.664562,13.186859,69.97627,159199.39
76.34167,4.0,28.349764,18.653234,97.71876,93463.67
49.296783,3.0,9.183073,22.842793,82.81342,-121371.516
10.856163,3.0,16.00716,9.455525,50.7388,58910.453
19.164299,5.0,37.21318,6.6753907,76.9648,138782.47
46.453835,3.0,32.80136,20.521454,78.57936,-130141.234
196.58377,3.0,25.485891,9.507073,6.8737507,419640.84
51.69853,5.0,21.700577,5.015377,75.22976,299118.3
32.847202,2.0,15.273079,7.4337654,15.796632,38448.715
124.23942,3.0,16.12682,8.025523,88.61084,418011.1
127.561035,4.0,11.812851,29.935776,28.252834,-230429.19
154.79097,2.0,29.096544,17.88485,60.37439,223266.12
176.01204,3.0,32.021053,21.46009,49.46798,146476.42
155.68741,6.0,44.143627,17.014872,73.19717,249261.6
0.84990263,2.0,19.352165,4.8878074,57.77701,99875.984
108.86886,6.0,26.789719,25.82457,13.730251,-152586.75
160.5753,2.0,41.157238,12.668268,70.25453,359468.56
90.757454,3.0,35.874767,11.116036,79.49482,244901.7
41.072083,6.0,28.212193,27.224352,23.961782,-368194.72
195.33398,3.0,32.681965,7.358841,17.564667,463772.34
62.597214,2.0,26.29766,18.045876,15.953284,-120195.586
43.065548,6.0,3.5552053,2.2397466,25.672234,219988.11
9.844494,5.0,25.963778,22.686344,43.6962,-318155.22
104.466835,4.0,19.535526,20.958168,53.73852,48978.336
144.31331,6.0,47.560295,2.665556,49.647343,433979.94
122.136284,4.0,47.565693,23.372055,36.775543,-89527.9
119.77497,1.0,29.959764,16.650738,81.027916,212782.4
24.161255,2.0,47.345078,7.254526,52.64237,52164.465
6.6112757,5.0,12.124527,27.789501,20.967371,-464916.75
101.76093,2.0,46.72934,21.4421,36.7675,-124249.77
191.18341,3.0,46.524628,20.271244,20.603258,98600.69
157.69214,5.0,24.044476,9.428616,32.36067,364431.2
41.776573,6.0,4.9372644,6.7751937,2.834767,157626.0
87.01914,6.0,16.932592,6.928879,58.736515,370304.25
26.281643,3.0,18.314318,20.635551,11.258162,-295943.38
51.757656,3.0,25.41295,19.040794,69.33827,-57099.04
118.10983,6.0,2.3337185,6.022534,84.25199,517059.62
154.45386,3.0,29.633137,28.64928,12.80362,-178745.06
182.83693,2.0,14.602709,23.739262,23.61343,91642.055
8.189392,4.0,18.59897,9.272884,10.493172,-51050.305
166.86153,2.0,12.087694,22.760689,63.343533,141066.56
29.470789,6.0,19.721651,8.641525,59.67475,135719.25
137.44673,1.0,1.7818719,19.707417,24.19262,156155.95
184.62453,6.0,11.745802,27.484993,80.20404,135796.34
101.404236,5.0,27.303123,1.7320204,70.74734,398121.94
190.9809,4.0,41.381897,7.5418944,4.8230767,428621.8
14.79485,3.0,47.718697,14.152265,47.28025,-100913.67
61.80408,2.0,6.0886116,17.236883,28.475534,-69411.39
158.32529,5.0,35.498028,2.664392,41.330494,506378.47
78.21321,5.0,10.907605,5.1314754,77.84024,342317.66
79.529976,2.0,5.671075,13.563321,44.621986,155319.2
58.32083,4.0,23.899117,12.837332,15.274316,12122.202
168.93062,4.0,10.6588335,18.235418,85.17173,350703.22
149.05032,2.0,3.4688413,16.90602,4.297715,185122.83
132.04501,3.0,1.6365886,18.07713,32.82835,121355.31
43.80363,4.0,8.266291,15.994402,69.26568,50394.95
18.825043,3.0,45.543392,16.724058,94.19445,-49246.28
110.81606,5.0,38.9427,14.134218,98.52713,292297.06
129.62788,2.0,15.103823,20.386839,38.253986,37655.9
53.82881,5.0,8.266982,25.237446,66.68483,-138223.8
72.02023,3.0,5.7689548,7.514246,6.0884295,168145.61
167.53677,3.0,10.236963,7.229231,40.270985,503809.03
107.96597,5.0,14.712543,21.583727,34.447174,-29768.264
104.51183,6.0,40.014732,4.1529946,64.19369,395930.56
75.389946,2.0,33.18141,24.74787,17.239874,-278789.1
9.4410305,6.0,15.365696,21.92968,60.802364,-218821.56
5.974257,2.0,42.210785,17.16948,75.83175,-144317.11
52.198494,5.0,9.46917,8.487888,88.96736,247307.84
49.16786,5.0,4.632801,15.449783,41.545624,53231.87
131.15536,6.0,30.456253,3.1401944,95.68031,532253.2
70.88892,6.0,11.214977,1.5047747,2.759701,221884.06
60.87779,2.0,32.11196,29.125553,35.83129,-401264.53
195.34299,5.0,46.180897,1.5461057,68.95574,619082.56
134.83229,4.0,13.177365,2.55369,62.821323,496916.06
171.29024,4.0,7.554701,9.17329,73.54688,530765.44
51.588726,6.0,34.410004,15.8423605,16.821241,-55645.996
59.15332,1.0,2.4213223,18.43551,80.78662,50790.473
136.75404,1.0,47.304443,7.608263,3.0737698,260803.17
33.372486,3.0,13.193596,13.544417,15.716087,-53379.805
34.629597,5.0,37.086494,11.650353,46.59959,52638.54
95.17004,3.0,5.1207066,27.550882,1.4246523,-311929.66
63.42393,5.0,8.078295,28.01931,2.473557,-374786.56
25.0342,5.0,27.753866,21.165136,5.6133747,-288307.8
159.3159,5.0,33.88512,14.907539,90.19944,376927.72
180.41629,2.0,44.38488,26.249002,60.96775,45398.215
116.222336,6.0,45.908398,2.8892345,34.046436,359486.75
82.58867,1.0,23.56221,21.267258,47.945057,-68711.71
7.372701,5.0,21.78582,6.2811327,6.4190683,17008.5
63.576126,6.0,29.132545,26.697924,2.7774692,-307101.06
125.458565,3.0,19.192726,1.7401832,15.131044,371505.28
147.15309,3.0,25.85102,20.57329,1.628077,-6127.418
87.358246,5.0,1.3237923,2.6672478,82.89563,436583.44
60.464714,6.0,4.477313,23.754723,32.50345,-137092.73
155.72261,4.0,42.13156,17.742744,36.502792,149729.73
20.36003,6.0,10.391084,27.870583,6.9427195,-470775.47
163.2018,6.0,44.687138,3.6867392,58.28105,523413.38
61.204517,4.0,27.743593,24.654137,42.49829,-227561.62
101.53054,5.0,31.089622,4.9895487,15.960616,222683.4
80.23841,6.0,47.72194,6.903223,82.05803,303060.28
112.12389,5.0,11.095243,20.705353,92.145485,158231.52
69.78016,5.0,21.053553,12.475151,14.36103,75592.77
172.71269,6.0,29.429235,3.157003,78.32902,627005.5
97.40028,6.0,33.541046,2.2363043,41.881157,351780.66
178.05995,1.0,0.6696433,11.105624,49.52795,506663.22
196.14806,5.0,33.885464,19.15317,71.282425,293001.28
51.280903,3.0,10.256851,28.17532,40.884113,-363174.97
27.049088,4.0,28.28375,26.03185,92.48217,-260479.12
180.2302,2.0,41.913742,15.24583,80.76329,374037.06
178.36139,4.0,22.509619,5.7990913,17.543406,495534.06
23.64527,2.0,24.20913,1.62669,19.571877,20211.812
92.26967,6.0,23.132116,28.401022,0.45999885,-295464.1
1.3873696,5.0,45.862064,6.6368294,66.0083,65344.242
18.140089,2.0,39.208237,12.361914,12.390661,-160658.56
119.314255,5.0,29.204231,2.896276,8.09105,320824.56
126.60346,3.0,9.954619,4.631835,17.951643,354779.75
121.198105,3.0,11.424076,17.910532,0.566411,94607.984
72.78353,4.0,44.91387,11.291685,9.287846,67700.57
192.25777,2.0,42.985516,16.717709,94.59824,420483.47
114.2978,4.0,39.47525,14.885283,77.92927,203520.67
40.99152,3.0,5.5070667,15.764228,94.3013,97108.44
94.33862,5.0,44.46982,12.027832,25.745947,155299.47
124.01452,3.0,22.610203,14.419949,29.492426,209569.78
135.01927,5.0,43.418926,21.52002,32.456608,33783.293
29.291916,1.0,46.713737,25.95778,50.97653,-427527.53
137.47896,1.0,27.740276,27.678442,14.111728,-169942.98
48.911835,2.0,14.59704,2.7619834,57.3301,230796.19
16.905964,6.0,48.51627,2.3203576,17.95506,58124.04
45.379257,6.0,11.971998,12.75819,57.90101,142418.9
196.44093,4.0,41.33537,13.855701,95.79987,468755.16
185.48578,3.0,1.027748,23.279064,58.444954,200241.62
189.54845,5.0,17.137178,29.120384,86.472206,79748.2
158.70113,4.0,3.2036333,18.851963,14.3895445,203815.97
175.54495,5.0,13.785595,4.3461175,42.94381,520544.84
86.61503,6.0,35.61548,13.302153,19.126076,89015.266
44.97721,4.0,7.0867987,24.70092,44.452656,-228303.44
149.96565,2.0,3.3798993,20.53431,30.110157,126583.57
48.181725,1.0,42.87588,4.391795,21.610582,92320.99
32.513416,4.0,38.345512,15.87552,1.7029703,-186589.33
68.0666,2.0,24.72662,0.51652014,31.460358,236179.78
120.98592,2.0,7.3759794,8.955611,56.69592,330635.44
151.47966,1.0,18.376589,25.49105,41.203976,-10516.696
61.1591,1.0,16.905487,8.493243,3.4327447,92632.766
41.14337,4.0,40.439762,24.158428,87.55892,-173912.84
113.4893,5.0,16.822836,2.7648854,87.07435,480699.88
41.05668,1.0,17.79961,28.261566,19.854939,-444848.1
34.89386,3.0,7.2785196,22.155083,55.082764,-188040.4
152.1252,5.0,13.225308,24.720148,83.20045,117105.79
83.20154,3.0,38.536217,19.096395,2.517587,-137846.31
191.3785,1.0,41.10714,16.0627,5.819994,292778.8
197.27826,3.0,28.632181,7.612719,77.74327,575645.6
129.91055,1.0,15.620047,6.7231073,49.009693,408472.88
134.41577,3.0,49.012268,4.6992087,65.921906,375934.9
123.02837,1.0,29.934498,27.396679,29.207253,-182034.53
101.566086,6.0,15.350088,9.793805,59.065525,291851.28
92.72675,4.0,16.33507,15.365435,83.16204,195157.39
101.37441,5.0,21.501228,0.89839697,37.767624,390946.16
137.34248,6.0,36.85244,19.025818,33.849728,86048.22
192.97708,4.0,34.14419,9.886704,2.3905456,360408.16
74.08409,1.0,43.124016,3.002574,42.284584,198786.25
57.72842,1.0,23.873577,16.856445,81.68328,25898.113
75.783516,5.0,45.67732,1.1817849,2.7465582,203893.84
51.687576,6.0,14.845318,13.522118,46.137665,58820.297
117.00387,2.0,13.486171,2.7503586,86.44674,464267.78
174.64484,3.0,15.767566,24.483053,35.729263,47996.227
178.19774,5.0,1.5448004,3.0875373,31.526583,570464.5
145.91255,1.0,8.589,17.44988,34.918415,265475.38
26.406849,4.0,2.37813,22.427189,29.742146,-213854.5
46.32952,6.0,23.522558,3.0147958,55.984314,257135.58
78.028854,2.0,25.235685,24.710463,1.859802,-301950.7
81.56759,6.0,18.511448,27.216204,69.10686,-123966.06
108.22478,5.0,7.9154105,5.805046,37.372208,380164.72
8.20285,3.0,47.682213,16.256054,43.634075,-208317.16
131.12447,1.0,16.716496,19.548647,46.626545,121420.38
23.71279,5.0,36.913822,27.423075,77.931725,-344040.2
36.725533,2.0,42.410255,26.719042,18.941772,-419076.53
16.861748,2.0,8.566078,2.417822,4.5008125,45700.406
187.13196,1.0,21.874422,2.7739942,13.83254,533798.6
5.3060174,1.0,39.44918,1.7367268,13.320476,4244.9062
175.43668,2.0,49.233974,8.328887,25.656574,343010.34
96.63831,5.0,21.845972,11.97214,89.490776,275422.25
88.37012,6.0,43.11558,9.617954,11.319244,127103.8
162.54785,5.0,5.3783445,24.88384,20.608604,79354.47
90.75724,1.0,8.7565155,4.662414,9.239817,251631.92
162.71541,1.0,45.558376,3.0281048,24.881851,472276.5
172.3015,3.0,22.63301,3.2742512,48.59634,535975.06
13.178992,1.0,49.698063,6.1461425,19.511717,-66657.09
138.4784,3.0,26.81793,29.691969,50.528503,-207804.62
118.8779,5.0,14.632273,16.89422,66.89694,229882.44
121.501175,4.0,48.742886,12.373701,41.493076,211021.58
114.599144,4.0,46.86209,10.591795,71.573,301522.5
127.353096,2.0,27.32015,3.5111384,61.47338,442091.03
51.89332,2.0,9.844867,9.910782,98.30039,216923.0
87.20589,4.0,23.917576,22.902365,47.44732,-124307.39
195.012,1.0,12.977078,25.13778,93.33797,295730.94
167.18495,5.0,43.21703,25.8192,87.42464,61524.0
96.24316,6.0,26.158089,16.06791,73.90243,179217.12
5.9469104,3.0,30.263037,6.822009,78.29668,107691.77
104.382774,4.0,40.161625,6.1444974,16.51491,229032.47
31.902647,4.0,33.281036,29.577805,16.512716,-528140.9
181.31915,3.0,9.39334,1.4610028,71.352165,660573.3
39.291264,1.0,45.768105,18.551168,68.15507,-135704.67
92.77984,1.0,40.358616,13.583753,95.12178,199470.47
77.80573,6.0,9.566593,28.927038,43.489964,-220931.44
117.79539,5.0,43.902573,23.786388,40.80855,-110792.05
194.10277,6.0,32.092587,11.210424,84.27684,554009.3
109.50192,6.0,20.078777,2.553606,51.614773,393620.1
157.9164,2.0,7.1209164,16.970402,96.94112,338439.22
177.62216,3.0,20.851929,4.508398,24.496334,522358.3
180.73112,3.0,0.48891604,13.417997,33.594902,438984.4
65.46485,2.0,39.269024,18.755707,52.1604,-79136.44
77.63434,5.0,43.10634,22.32492,76.66722,-103411.266
148.19377,1.0,17.802547,10.943141,6.166613,301894.28
72.713234,1.0,48.17624,4.8744965,36.004196,201770.78
146.8264,2.0,15.742716,2.2249622,86.31196,547316.06
78.15323,4.0,29.281212,0.79203665,60.41107,342870.16
32.174767,1.0,7.5776486,16.881493,85.34893,50287.766
140.70433,4.0,23.943039,5.8704114,33.063255,411832.6
115.3318,3.0,35.105747,15.543995,18.480904,92761.66
144.58484,3.0,35.768364,7.893693,15.864593,297773.44
199.3486,1.0,24.161688,4.849064,21.888477,551554.25
168.2733,5.0,12.393442,25.11439,12.424612,-20683.27
194.79811,4.0,42.474636,23.488768,74.778465,177722.4
105.35228,6.0,41.551647,25.532103,63.439274,-50746.957
13.978744,4.0,29.012012,29.388842,18.008781,-557611.8
29.847277,5.0,13.503101,4.146917,95.82984,297417.47
37.882626,3.0,30.300638,7.0152764,64.234955,168276.88
11.875164,3.0,25.066849,3.7073314,68.607864,135050.2
49.875248,4.0,47.840073,25.072157,28.932344,-288348.56
7.943225,5.0,28.704819,23.838102,84.61689,-267270.72
7.738471,4.0,26.928234,27.15959,14.73056,-478914.06
40.244545,4.0,26.708988,4.5042696,86.44635,234253.44
1.4166117,6.0,38.30023,6.955642,22.8293,-10675.113
38.618755,6.0,24.691105,29.62316,71.2368,-363259.6
138.13087,4.0,46.428608,3.0888462,31.911802,358955.06
183.40527,6.0,38.024746,5.009905,82.48346,618605.25
70.253716,3.0,6.109324,20.52226,8.06644,-149641.56
70.912125,1.0,24.999714,1.887694,40.251064,261187.05
153.39532,6.0,3.7798285,10.758973,36.504185,432254.56
50.66291,2.0,5.804786,21.3736,20.101398,-224191.66
52.716743,5.0,29.857328,27.288515,25.440294,-370585.38
161.61295,2.0,30.617968,13.297953,35.969746,306522.3
12.869835,2.0,22.812193,1.7258906,55.184452,90523.17
112.22748,5.0,48.761562,23.491343,85.490295,6325.0127
188.3382,2.0,11.569706,29.954071,41.783638,-15077.201
117.14865,2.0,14.522857,3.8643265,99.01003,469186.34
127.19438,6.0,20.996359,14.337312,26.206493,230107.86
41.760887,3.0,25.151577,4.1493487,24.259258,136345.61
98.620346,1.0,22.88244,7.3407106,47.39187,285223.66
105.49844,1.0,47.50972,20.047895,40.948326,-40895.637
124.54343,4.0,14.441341,22.007803,65.88164,120471.984
138.8546,4.0,11.923125,21.202682,96.1993,201218.8
186.89278,5.0,27.14875,0.8717358,67.11951,659643.2
23.670053,6.0,43.777054,11.363601,8.161527,-38640.05
102.99753,6.0,30.93389,21.392899,32.917065,-60087.582
50.03637,6.0,38.468315,13.607676,40.06678,13865.452
20.89361,6.0,29.839632,10.362715,4.4701757,-20259.531
91.99223,4.0,46.307213,7.251704,65.45941,260143.78
11.976314,5.0,40.01559,29.222664,93.64529,-407352.97
169.78992,4.0,42.88922,2.9931288,74.83269,565679.94
111.58148,3.0,21.63275,3.1842327,49.00993,387167.75
46.104195,6.0,4.302612,25.930717,46.19343,-252201.88
152.2579,5.0,13.140893,5.8889346,26.585316,459171.03
5.357206,4.0,33.51671,24.064215,44.445324,-361310.53
61.32008,3.0,42.538666,6.73137,93.851845,238313.55
80.51813,2.0,15.23239,12.970836,24.293882,79114.64
15.024972,5.0,45.685474,7.75251,57.999283,33356.625
36.411167,6.0,28.593155,27.39323,13.313925,-442784.72
83.67814,5.0,25.0993,25.398966,36.326916,-176317.88
175.87646,4.0,25.974611,15.720767,52.895336,351361.12
196.56543,5.0,20.583185,15.359665,12.245035,373096.62
163.62624,1.0,48.404713,9.33909,63.584946,441931.06
40.2876,2.0,26.085875,6.9821873,7.0638123,17707.445
34.57788,4.0,40.31272,9.326259,29.574799,6383.1016
187.26932,5.0,3.8996549,19.91178,84.79491,348263.72
135.37175,4.0,12.119475,12.30199,96.9027,434561.7
102.65677,3.0,27.810917,25.18167,46.090794,-155371.67
113.53321,5.0,44.962494,17.159689,14.262909,45505.89
19.630325,3.0,36.902184,15.165584,8.946347,-212760.55
66.61146,4.0,29.761488,5.6785655,37.712395,194462.19
196.26181,5.0,0.3002107,21.051186,24.484598,267263.47
75.33678,5.0,25.469988,1.1248916,89.74556,436496.2
94.98359,2.0,8.497458,18.50462,14.356554,895.4756
16.966892,2.0,3.6532016,20.382097,80.09667,-138108.88
44.059288,4.0,28.418585,17.714552,59.50645,-26481.96
97.95804,2.0,9.182366,25.5566,34.7924,-170261.47
37.884056,1.0,47.69098,18.600098,90.75736,-99936.086
87.59904,3.0,11.411455,10.857305,77.82446,294257.06
140.69592,5.0,33.0567,4.5036755,48.25123,463316.88
2.182269,3.0,39.674072,1.0784322,16.1111,-4351.945
129.7012,6.0,5.569071,22.570236,35.283722,65300.508
33.879185,3.0,37.794502,23.165064,66.12136,-266438.03
51.194893,5.0,21.652597,3.55834,93.3235,282492.3
138.39098,2.0,37.954067,19.0159,33.127098,48460.195
179.51202,1.0,49.193367,9.484189,29.220844,409604.0
72.669136,1.0,14.345863,27.633818,1.1474609,-354757.62
58.943092,1.0,14.172402,9.829743,80.73219,177380.02
9.576416,3.0,44.86373,27.416195,98.8013,-359711.8
48.434235,1.0,27.780012,25.609718,84.423935,-260312.0
12.436306,1.0,22.506681,23.296396,22.139423,-379057.2
77.112946,2.0,43.96671,25.25107,85.8189,-175416.2
120.40554,2.0,12.921399,19.678204,34.84158,52932.53
6.31243,1.0,23.765596,20.084728,76.14095,-233295.17
187.31136,3.0,42.171894,2.2477055,79.23577,633891.9
162.73909,2.0,34.770275,11.575533,9.235263,276091.78
2.1054149,5.0,8.82963,13.299631,62.373417,-21767.064
52.236702,5.0,31.497913,22.278105,69.96114,-95738.305
132.61552,5.0,5.939081,9.187454,19.94161,303118.44
79.45404,2.0,11.423164,21.87305,96.227455,51096.49
89.10235,1.0,41.075294,25.184628,89.03377,-111376.805
54.848434,4.0,18.337193,21.46767,91.78825,-47533.324
180.32196,1.0,12.266072,22.7204,49.548946,214309.19
44.100178,4.0,26.772058,13.000699,23.24807,-17110.076
182.92767,4.0,31.109259,22.185396,22.676044,100932.234
106.452225,5.0,9.459579,9.856106,67.67237,328997.7
120.10218,2.0,8.140916,27.993824,40.06657,-148355.02
178.01318,3.0,0.7882714,14.615037,89.7409,468774.12
83.52344,2.0,31.459587,14.125021,91.87523,157271.42
43.065666,1.0,8.869264,1.7938095,53.85845,227509.03
83.82658,5.0,26.905209,28.873234,9.06576,-336394.2
181.10535,6.0,19.408545,12.901315,69.84652,470521.4
25.801266,3.0,8.653501,26.172136,94.74475,-242426.97
122.698044,3.0,17.02253,5.186922,37.44153,364506.38
1.7208576,6.0,5.78275,2.4506183,23.832453,94958.234
152.4302,1.0,11.766678,12.5990505,38.30366,339695.66
136.94678,3.0,24.22072,3.0059981,57.163513,488465.7
104.23923,4.0,3.6271214,17.882364,12.901801,4713.914
142.91931,6.0,3.0741663,15.202042,76.701836,363663.06
100.11247,1.0,43.726513,9.49931,71.37232,269031.2
155.33528,5.0,27.352451,24.391993,30.883413,1669.2158
20.837952,4.0,13.943654,24.71792,31.477755,-337869.72
85.31475,2.0,24.168783,1.7557436,26.275427,279915.3
144.36147,1.0,43.539127,2.9831905,89.084816,530837.3
199.58168,4.0,4.14336,23.775347,79.65468,256355.06
150.93915,5.0,11.745411,5.8896036,64.21148,522046.6
27.28256,1.0,6.921488,17.894464,47.757442,-103225.016
176.90968,3.0,23.182476,11.005125,62.490677,444914.8
77.70017,1.0,24.139679,17.682337,98.240005,131069.17
78.64855,3.0,5.5173545,6.722519,65.83089,308952.47
9.109032,6.0,42.352097,15.047933,25.063484,-157037.06
84.25857,6.0,5.802006,9.689841,69.34151,316670.4
170.73268,4.0,48.340893,8.242764,30.157965,389878.78
113.94448,6.0,7.7907743,7.6253824,48.224545,410664.3
41.754604,5.0,21.573862,18.350475,17.796135,-121317.86
130.7812,1.0,29.674673,24.7061,48.53713,-27762.412
67.93556,1.0,13.888064,14.630347,52.608448,99973.62
191.29941,1.0,47.99105,14.853503,19.676125,296940.75
13.204538,2.0,7.764143,27.376026,82.14501,-351796.12
68.412445,1.0,23.61429,27.091572,96.179436,-223845.08
3.442645,3.0,6.643474,12.822455,8.178175,-152124.38
60.61698,2.0,31.939766,2.7172618,64.48823,270741.84
131.52477,4.0,46.31468,18.520025,15.459812,39991.996
196.26146,2.0,48.18965,19.47868,40.06212,207483.55
116.79463,6.0,27.967844,3.130567,73.95081,489651.06
198.03584,5.0,12.483868,1.5438849,49.12229,663978.06
119.565216,5.0,49.296127,16.57339,65.1516,142698.52
157.7536,2.0,26.865759,29.647383,33.80004,-120483.54
180.16621,1.0,41.914425,1.5832561,97.7162,686407.4
183.59233,1.0,12.0145645,7.6503468,26.52557,498334.28
44.027626,5.0,13.397667,9.827025,59.35827,140747.4
191.939,4.0,4.246667,1.7502952,55.13237,666355.7
160.57655,5.0,48.00315,5.7641068,84.05886,534700.3
53.2421,2.0,29.147106,26.773897,55.10589,-324247.06
52.279663,1.0,7.045266,26.472528,80.14596,-229397.19
16.125381,3.0,27.14722,3.9646287,62.88266,125970.99
125.11372,3.0,14.277371,15.321561,81.880905,270728.94
18.945074,4.0,26.24891,2.783271,50.63194,119129.71
142.24246,5.0,33.298077,21.230135,66.68412,134383.78
131.57977,4.0,12.5941305,4.754811,99.321,519266.6
13.1197815,2.0,29.362484,7.3557615,33.710213,2149.565
127.250084,2.0,9.215459,8.0473385,29.65358,333853.3
91.86694,5.0,29.817394,17.21103,86.29547,162341.97
145.68178,1.0,0.8615911,25.023458,69.11996,145571.33
157.37897,3.0,28.983788,8.722021,2.8045714,313588.16
0.5854964,3.0,49.83798,17.766718,67.78314,-199330.06
191.70988,2.0,48.027817,26.94332,0.9622872,-88344.125
183.8642,4.0,34.11953,14.0911045,22.853863,309252.75
139.78836,4.0,43.395737,16.548857,69.5672,225702.42
8.603895,3.0,49.306446,16.11382,76.33875,-132385.84
64.27792,4.0,32.084232,14.808381,38.710255,1337.0176
71.01911,1.0,33.337955,24.00555,92.32331,-143294.88
74.30021,2.0,28.250853,23.11639,99.68919,-55564.36
156.39232,5.0,47.133244,6.9665155,88.98873,513725.22
136.35706,3.0,46.476017,29.32293,4.0771303,-319406.0
179.21791,4.0,13.24349,23.631075,31.813114,86484.56
62.547684,4.0,23.972261,12.652949,53.04204,104378.83
133.65398,2.0,12.40392,28.059538,90.6386,-58600.555
135.57951,6.0,33.970757,15.806731,41.612625,211824.73
16.740917,1.0,0.7752061,24.478722,60.44496,-290718.62
2.9980183,4.0,33.846706,2.263602,76.31709,104104.59
48.11109,6.0,18.13879,28.46436,23.840034,-327932.72
168.45477,2.0,34.066303,29.140358,19.720226,-158147.48
5.8540344,3.0,32.802658,3.791819,99.4467,180443.72
12.956619,1.0,12.55953,1.5742993,48.88432,138401.47
156.02005,6.0,37.970264,10.634329,85.379395,451104.94
153.9529,5.0,35.616253,5.777809,1.2454033,400587.06
182.23927,6.0,3.74898,19.007723,30.915058,281640.38
24.506128,5.0,49.943798,21.67699,85.08433,-202236.38
26.810026,5.0,46.51883,13.088758,45.159294,-61401.496
151.29866,1.0,40.554558,25.525728,66.841255,-440.24902
186.96303,5.0,22.462502,15.568405,8.113998,285340.1
159.83388,2.0,33.857193,10.591325,98.666336,474234.1
115.66521,2.0,11.474612,2.1964378,25.044472,362019.22
132.95747,6.0,16.50502,19.767319,47.47178,162717.16
194.91267,5.0,36.798965,0.866915,17.25018,523447.72
35.47957,6.0,36.1292,14.948706,27.816326,-58371.375
54.59882,6.0,34.89963,17.1925,7.1356416,-131184.7
169.9467,4.0,1.1565566,6.5992765,6.2356052,462212.4
31.576038,3.0,45.716976,19.506302,39.785213,-210656.61
44.85874,5.0,14.55783,17.915861,27.94553,-123414.8
172.99911,5.0,46.635403,25.038338,86.93492,94775.97
131.5522,2.0,45.598778,24.381712,49.758087,-78299.13
132.307,4.0,34.26627,2.8608584,88.87982,495591.12
57.61596,6.0,49.90725,3.8702703,41.625523,215869.56
98.61995,1.0,39.355507,9.494648,60.60775,264139.6
191.52328,5.0,39.662144,4.2090063,98.020134,678411.9
39.977993,4.0,16.510695,19.703068,11.309987,-206743.7
100.786224,1.0,48.187138,5.1721535,28.339737,258082.42
147.55995,1.0,31.552372,3.5478778,92.74509,568407.2
30.964375,1.0,39.770893,19.368929,38.53665,-221535.27
197.11769,3.0,19.347303,24.052774,36.5343,132256.33
50.038944,2.0,43.105522,10.639164,54.01269,46116.57
75.9864,1.0,47.17755,0.053152442,23.157894,205992.6
72.94297,5.0,5.8437166,17.119972,53.595894,64914.47
34.83411,5.0,45.495106,22.686958,29.218548,-279301.12
1.8735409,1.0,8.477759,26.717573,65.86198,-414037.44
156.38516,6.0,7.7881665,16.42323,39.386223,275816.38
126.56741,4.0,4.1078596,25.413435,33.221806,-32793.26
6.3399196,3.0,32.223995,1.5879321,31.164682,88799.51
35.637318,1.0,6.229317,29.350172,62.99042,-424847.88
198.8368,3.0,15.589153,5.313962,75.091995,632453.8
138.22351,1.0,12.432856,4.761388,4.288,412037.0
140.12447,5.0,31.681633,25.7651,15.128511,-106774.8
40.170193,3.0,0.45597255,11.666821,2.0141184,29170.871
56.16039,4.0,13.538965,24.257025,73.339806,-115841.33
84.90459,3.0,25.182888,4.493637,87.49881,329664.88
81.712006,2.0,27.245054,26.34861,1.9599259,-318276.8
31.475163,4.0,13.709391,29.22593,62.998028,-403114.7
108.238495,1.0,33.956593,19.541935,60.140198,32234.54
109.9388,4.0,8.506149,27.10041,23.168373,-191547.2
87.3379,4.0,3.8277566,4.2881064,60.802597,379258.25
113.86318,4.0,21.445877,11.687806,88.55385,346302.66
60.364937,6.0,11.483791,19.565681,99.04347,87183.664
126.025185,4.0,40.75833,23.47635,71.62127,-9020.894
137.71404,4.0,7.9120307,6.9906216,40.085762,425830.94
47.3261,3.0,22.901192,24.545017,21.550964,-292896.44
0.8420944,6.0,35.383842,10.063192,30.957067,-48544.22
152.34344,4.0,3.1065254,6.9936743,50.4101,470852.38
123.85367,6.0,44.352997,17.934193,46.328186,119157.914
49.141205,5.0,13.640621,3.0523844,86.48409,352743.7
196.3702,4.0,18.197092,1.2330222,4.8145294,545464.5
54.775204,3.0,9.707156,19.987562,54.462814,-85465.21
167.57468,2.0,15.684056,20.10918,34.097565,160568.16
150.73285,3.0,15.36026,20.768234,54.16958,150117.98
16.15919,3.0,2.753079,13.032922,98.08208,80093.62
164.49414,2.0,33.54269,4.029969,51.462723,517212.4
8.052707,2.0,24.919912,2.9499454,41.328102,80900.914
44.598534,1.0,49.45577,29.353481,33.053177,-538494.25
83.32851,2.0,41.86691,1.9960481,0.103098154,174977.84
32.59535,5.0,46.748352,19.520895,4.6994867,-269675.5
197.691,1.0,32.355667,27.182709,71.78594,151984.86
79.94203,1.0,38.13648,26.459633,19.46665,-316733.16
139.71898,1.0,48.40962,5.542436,78.387344,441372.75
10.708809,5.0,45.52599,10.163421,35.824383,18668.559
157.56665,4.0,5.790028,3.0070086,68.03871,588035.1
68.92162,3.0,19.39428,24.409033,86.49977,-114292.73
23.932875,1.0,0.8883774,0.92341125,57.31436,189955.23
114.62229,2.0,25.94577,1.1911958,67.16795,449476.94
148.44618,3.0,16.170258,4.9859815,92.253784,574889.44
186.5397,4.0,46.697914,27.23548,34.288246,-66797.016
38.92074,4.0,28.952631,24.722809,86.771,-256920.88
50.78957,2.0,25.275146,25.050682,7.9487085,-366217.78
119.22629,1.0,6.916189,26.509308,95.7848,14977.544
127.12612,1.0,5.381727,8.004286,33.59929,364277.2
138.44722,5.0,28.935596,6.6346908,48.118107,420262.75
154.88753,4.0,12.577948,5.784974,78.04939,525873.75
77.32463,5.0,13.518688,19.949375,53.67083,23338.621
155.55696,2.0,42.535862,20.834787,93.720695,178678.81
173.72916,1.0,11.967033,18.11259,28.024132,286033.94
73.877846,6.0,13.872379,3.4602106,22.441483,238720.42
171.14572,3.0,44.19519,16.332489,94.635185,298819.62
148.85796,3.0,34.76747,7.040387,19.820421,292946.38
188.20528,3.0,10.794812,12.050294,84.40924,504639.12
43.17261,6.0,32.57121,12.677863,98.15585,157437.27
50.619102,4.0,37.603436,15.745615,83.84657,59398.89
71.086105,1.0,2.7949839,1.847713,31.09629,235737.4
105.07263,5.0,29.670181,27.80398,49.260883,-204937.8
160.0199,6.0,30.71175,8.617178,4.9399796,353955.62
42.913734,4.0,24.026321,19.68678,22.774261,-130052.1
150.0654,4.0,48.970024,25.329659,39.651073,-36251.336
64.16186,5.0,8.475601,21.044546,16.965115,-75278.74
160.41093,4.0,38.552914,25.504795,78.84566,34725.83
95.25227,3.0,11.719587,23.470245,76.1996,-24226.809
12.391305,6.0,3.597343,25.983624,35.691853,-350164.06
44.97541,5.0,42.037964,18.165874,42.13653,-128884.89
27.624798,4.0,13.006944,24.580482,98.298035,-193790.1
149.59625,4.0,26.175028,8.479888,46.92028,397370.16
32.94518,2.0,38.14756,6.917331,92.46819,174907.22
91.668175,6.0,4.1335225,22.16258,96.315636,87315.805
121.575584,2.0,3.6002755,18.935774,32.46116,67914.336
45.16053,5.0,33.511524,14.437503,2.2458673,-66235.96
128.847,6.0,46.798145,2.3473673,96.63835,562498.4
2.3576617,2.0,22.354603,19.901459,23.117363,-300960.0
28.449154,2.0,42.605545,24.7163,97.813705,-258781.44
9.38766,3.0,33.785015,13.268182,18.08017,-165253.02
69.752266,2.0,32.13257,18.446112,59.068645,-27378.457
63.57026,1.0,9.060701,21.677708,64.783455,-84209.4
114.319336,4.0,48.79296,0.18631518,38.18902,349401.03
81.50855,4.0,36.451015,12.532073,88.990715,219596.16
147.00821,5.0,28.865587,9.435525,4.6663103,342073.44
191.67953,6.0,42.682602,7.333224,29.223114,492591.62
135.8791,5.0,3.5193176,24.168125,42.12935,7666.209
60.60325,1.0,30.387098,29.872313,88.29418,-305513.8
6.361437,4.0,13.231784,17.3934,73.15748,-84016.52
136.2202,3.0,22.46131,24.335758,82.16269,39897.562
50.454212,4.0,33.190826,3.8717704,71.522,247217.75
150.88763,2.0,36.072422,17.642605,94.971436,252634.86
166.8485,5.0,30.735163,13.06002,37.547897,366412.7
138.57205,1.0,5.651176,5.7486,34.56441,449261.44
193.83107,5.0,9.354186,18.075642,43.134056,305306.78
194.97964,1.0,25.436514,19.774883,69.66937,311992.0
121.17399,4.0,20.670218,14.275501,35.337467,218785.38
27.136326,2.0,4.074642,21.369654,68.36405,-122378.92
189.34413,1.0,49.629158,22.201635,63.708466,212766.62
52.550423,4.0,28.14458,28.605629,61.75656,-335331.4
52.76464,4.0,7.236245,15.869528,90.73706,118665.92
183.67786,4.0,35.96465,15.534423,57.96373,339056.9
177.48103,4.0,35.86248,14.785303,83.17916,381502.9
130.21513,3.0,12.735859,17.07005,36.059917,184719.53
106.26838,1.0,37.536106,5.2737255,5.068481,231060.44
15.8834095,4.0,9.491414,13.153662,80.558,66952.31
89.61959,1.0,33.66203,2.3155136,70.73662,374836.66
195.91263,1.0,48.747627,4.4785633,92.00372,635760.9
125.46588,3.0,41.503273,2.223183,69.104645,422764.8
108.5618,2.0,37.342224,26.123991,50.999252,-171042.88
79.2349,6.0,19.913717,6.3795,13.909811,228864.14
65.12177,4.0,29.693369,13.789476,2.5956452,-72148.94
159.60228,3.0,33.724144,16.603632,60.03458,232967.22
106.166855,2.0,31.10617,28.24825,90.7902,-164440.94
165.05742,6.0,19.935196,21.807598,46.113037,136186.7
82.30014,3.0,28.48818,4.3180027,33.68821,276054.38
143.69092,6.0,14.874223,29.671135,75.01402,-77488.15
141.277,4.0,10.868322,0.79220116,25.792767,439977.53
115.94641,5.0,1.9290924,16.950266,67.64317,231731.6
162.8373,1.0,4.61728,28.705578,9.425998,-54729.184
162.6646,5.0,9.307119,28.00878,4.6864805,-145334.88
192.69232,2.0,48.897255,11.523387,20.830082,330606.94
176.8776,6.0,30.002876,4.989576,41.439022,524358.44
74.430336,6.0,2.3844867,21.586512,66.85995,25302.666
15.33798,1.0,12.220776,26.562935,75.29861,-315368.28
118.281746,1.0,30.839485,7.0035033,18.35252,294947.5
99.127174,4.0,17.517344,12.626379,39.73108,258572.4
73.91746,6.0,17.923492,5.877718,66.46329,273522.12
83.25453,5.0,15.612128,20.72831,38.97342,-49174.77
104.703285,5.0,18.894005,18.19275,50.751377,131354.67
172.96298,3.0,27.875679,22.435404,82.37029,237414.4
131.17412,1.0,26.480453,9.853529,35.575825,313588.53
64.49057,6.0,41.06205,0.520345,75.77811,349435.34
58.877502,5.0,40.998585,8.683062,90.62703,261480.34
75.23687,6.0,45.574787,3.268758,66.668205,323785.0
61.3497,6.0,24.204721,11.386356,41.11556,120466.266
189.92229,2.0,13.837007,20.45131,18.340939,200023.11
152.96454,5.0,25.08531,2.5210154,16.952633,447463.66
190.29756,1.0,8.444643,14.299828,40.284985,444310.88
100.31936,1.0,35.228043,0.32429695,65.625824,393406.88
120.16709,1.0,21.98374,4.3702593,77.34589,435761.94
134.67647,4.0,16.993088,4.4979196,47.587986,477958.66
5.344689,5.0,3.8047047,9.89272,90.292274,173856.78
108.92966,3.0,37.047913,7.399832,30.19638,208120.67
93.311,2.0,38.954388,17.308863,59.970634,10444.27
43.934597,3.0,47.80567,24.169563,24.401463,-318961.28
22.405266,6.0,16.143248,26.310415,63.4355,-315210.88
188.52744,6.0,32.532764,19.726162,92.67347,355482.16
181.3066,2.0,25.942364,14.9007435,67.519966,414464.84
146.34686,6.0,9.075746,12.326946,53.35014,359989.12
195.42497,6.0,9.371281,25.185041,31.598557,113201.51
59.419216,4.0,37.802124,6.409044,8.977324,91284.58
82.72773,2.0,10.641914,25.842138,15.784513,-245266.44
137.86186,2.0,43.204586,0.557819,7.110423,336553.12
83.47734,5.0,33.733986,3.8044434,85.537254,345263.84
80.37652,3.0,33.537712,18.978964,29.141212,-76091.79
17.343855,5.0,41.46439,8.821954,42.51871,22478.076
126.86613,3.0,37.2354,17.798563,5.194676,45796.992
39.56728,6.0,35.782063,28.069506,36.058014,-380217.62
103.63662,3.0,37.971043,21.850973,92.52825,19340.895
197.49756,4.0,14.390829,29.681534,59.19251,18106.223
69.21847,5.0,11.742965,8.646461,41.071827,256524.19
68.48083,1.0,20.419964,7.8370466,76.06044,247614.25
160.33128,5.0,38.879208,13.0954275,88.54765,425595.8
63.234676,2.0,42.49568,11.979003,88.90835,124019.23
91.41226,1.0,43.410297,8.401954,13.005173,124494.95
193.37384,6.0,17.114082,14.0687065,53.589844,477553.1
59.002625,6.0,21.827883,28.5513,8.941496,-366143.9
28.458977,5.0,7.8294992,6.7776346,15.526319,86502.336
44.035625,1.0,40.414906,23.423744,88.3942,-237378.14
72.27544,3.0,8.421826,21.968185,10.164041,-172379.17
52.550125,4.0,14.712787,23.686768,25.479149,-244323.61
48.106827,5.0,45.64414,19.046719,73.978516,-62183.19
140.39445,4.0,31.075323,9.458775,98.64867,438658.06
116.993774,4.0,14.534211,21.190702,1.4291942,-40214.195
67.99384,1.0,8.165705,7.9350653,17.735989,125114.42
22.308863,3.0,7.808149,5.792742,30.393326,100887.93
68.514015,4.0,45.17564,29.021925,88.732895,-293842.34
57.796085,4.0,2.1498919,27.433313,79.13856,-250563.31
67.45811,2.0,46.603233,4.15945,81.17119,239139.28
9.787703,3.0,44.99913,27.183802,82.03805,-409458.72
121.54291,4.0,26.549057,18.1104,37.486847,103783.32
26.527643,5.0,22.996128,18.8449,86.86682,-47574.816
22.120083,6.0,44.44305,29.457996,48.594982,-471299.12
18.296682,2.0,36.024418,14.212381,54.69768,-77379.125
141.73837,3.0,48.63778,10.229277,36.740387,273529.06
39.79733,6.0,45.19531,24.416636,71.21055,-245188.78
58.724915,1.0,8.60601,11.125292,72.32812,182550.47
178.38406,1.0,40.427986,11.3990755,44.699978,397362.03
153.09642,6.0,37.608246,8.951172,94.01696,489776.22
157.33913,3.0,7.249692,29.764332,37.05069,-125670.01
5.049348,5.0,37.006794,22.157408,62.655483,-263042.3
28.290022,4.0,12.014699,12.568335,95.41299,141236.75
62.248898,3.0,10.105199,14.700745,78.1708,115054.07
182.60976,1.0,25.4664,16.049816,31.792927,337746.34
110.23004,1.0,21.927965,6.108053,27.350945,290442.72
25.210285,4.0,18.277962,19.25887,59.649773,-121108.21
100.62618,3.0,8.604813,3.3580737,49.621056,381609.38
22.332918,2.0,38.67595,14.300623,53.518944,-98177.15
78.09007,2.0,49.92675,12.185476,82.20821,140932.39
72.502495,3.0,19.460455,8.875253,67.477486,235612.62
186.56616,5.0,8.15565,28.873327,21.95781,-15298.477
130.97368,5.0,23.710896,19.200905,9.176731,56448.6
82.56289,4.0,3.2797456,22.225977,97.27088,78727.82
116.892876,1.0,4.6986046,5.126161,44.4955,395977.94
71.133446,5.0,16.671944,17.3906,30.301815,-50229.8
139.29004,1.0,40.707623,19.019629,13.276953,50045.39
139.55638,5.0,5.847147,22.786783,98.01395,192244.38
126.854614,3.0,21.010416,10.573836,75.230286,379933.03
61.022305,2.0,12.018246,12.0543585,18.30322,43005.777
185.31508,2.0,1.980269,2.8216286,6.8166676,543386.1
85.563,5.0,19.37223,24.116653,93.43608,-11021.556
61.068333,3.0,23.543724,25.013351,71.527084,-237261.94
162.63141,3.0,20.796478,22.036327,42.655502,123665.414
181.50566,5.0,43.278385,22.623238,8.445698,17693.469
199.51598,2.0,35.014057,23.984247,80.305305,223818.61
129.62584,5.0,40.564873,29.13907,16.058952,-266161.3
65.910614,2.0,34.79223,19.912334,74.570145,-49008.54
150.7892,4.0,27.622938,20.414753,2.5110245,6407.8086
185.79546,5.0,38.56898,19.718021,5.4195223,189128.16
1.9165874,2.0,9.05126,6.5291886,2.0337522,-52945.15
87.611305,4.0,37.73834,18.763466,95.327126,90590.67
31.803453,2.0,36.907845,19.519377,95.43694,-89249.39
118.63598,6.0,14.389831,3.060708,7.335818,356183.62
141.35849,5.0,24.141985,10.560661,88.65172,448861.2
79.34121,3.0,6.088087,5.7450824,19.608683,230657.73
91.634285,2.0,3.1237988,5.415614,3.532362,272963.16
145.01108,1.0,24.972382,25.424122,74.06303,26520.96
83.19303,5.0,29.476383,26.800295,78.34311,-149797.9
16.02205,5.0,19.607357,12.932203,78.341385,32432.32
180.0136,3.0,32.72375,19.5976,58.774864,283698.8
49.66855,5.0,5.6999445,11.486934,97.98539,242483.95
89.014145,6.0,11.25794,18.180275,6.927186,855.01807
109.43264,5.0,42.25489,12.488896,73.069534,244274.92
93.99031,1.0,0.6706983,7.1967835,34.155758,320800.84
5.9314013,5.0,28.925535,8.688964,52.469414,57115.33
